1MHz,2MHz,3MHz,4MHz,5MHz,6MHz,7MHz,8MHz,9MHz,10Mhz
82.9105245343756,182.504267550328,99.8477098807284,-0.00581274172188628,-0.59334622821665,-0.783354652602107,-1.2427355834897,-1.64076241130585,-2.61744348732479,-4.49974951702707
83.6624566807232,173.168821918895,-2.52499638652573,0.508473858431849,0.116195209815722,0.133310940159973,-0.312179976655642,-0.383468870975122,-0.618884771703833,-2.80153001475311
-61.2096095872387,-61.2096095872387,3.74002392164712,19.9255732528997,31.6569599361877,41.2567535010139,50.4807480431746,61.457211310493,67.2293326324575,72.6806687894309
1.35985542969971,6.45419050412102,106.559469197153,0.0277347604423355,0.0282710508339505,0.0267162095640572,0.0288801456206755,0.0254414237487666,0.0585528612170805,0.0538105332687167
1.54418357716457,4.71500275174661,131.798082518448,0.0318599799384351,0.037139211421902,0.0276247979612236,0.012375017959684,0.0201158642166916,0.0405859516607592,0.0500055819303782
0.0326709149938509,0.0326709149938509,0.0233733073408677,0.0232145657745058,0.0257866214111608,0.0274804189044531,0.0237134143121338,0.0339895765970866,0.0530101681327153,0.0469542600412751
